annotated,correction,host,broad,order
breederchicken,breeder_chicken,avian,chicken,galliformes
broiler,chicken,avian,chicken,galliformes
broilerchicken,chicken,avian,chicken,galliformes
brahmachicken,brahma_chicken,avian,chicken,galliformes
ch,chicken,avian,chicken,galliformes
ck,chicken,avian,chicken,galliformes
chicken,chicken,avian,chicken,galliformes
chiken,chicken,avian,chicken,galliformes
chickenl,chicken,avian,chicken,galliformes
fancychicken,chicken,avian,chicken,galliformes
gallusgallus,chicken,avian,chicken,galliformes
gallus_gallus,chicken,avian,chicken,galliformes
hen,chicken,avian,chicken,galliformes
layinghen,chicken,avian,chicken,galliformes
layer,chicken,avian,chicken,galliformes
layerchicken,chicken,avian,chicken,galliformes
rooster,rooster,avian,chicken,galliformes
silkiechicken,silkie_chicken,avian,chicken,galliformes
silkychicken,silkie_chicken,avian,chicken,galliformes
village_chicken,chicken,avian,chicken,galliformes
villagechicken,chicken,avian,chicken,galliformes
waterchicken,common_moorhen,avian,moorhen,neoave
steller's_eider,stellars_eider,avian,duck,anseriformes
anseriformes_sp.,avian,avian,avian,avian
bantam,bantam,avian,fowl,avian
ruddy_shelduck,ruddy_shelduck,avian,duck,anseriformes
white_peckin_duck,pekin_duck,avian,duck,anseriformes
dendrocygna_viduata,white-faced_whistling_duck,avian,duck,anseriformes
anas_querquedula,gargeny,avian,duck,anseriformes
anas_crecca,green-winged_teal,avian,duck,anseriformes
anas_platyrhynchos_var._domesticus,domestic_mallard,avian,duck,anseriformes
mallard(anas_platyrhynchos),mallard,avian,duck,anseriformes
anas_platyrhynchos,mallard,avian,duck,anseriformes
americanblackduck,American_black_duck,avian,duck,anseriformes
anas_acuta,Northern_pintail,avian,duck,anseriformes
anas_carolinensis,green-winged_teal,avian,duck,anseriformes
americangreen_wingedteal,green-winged_teal,avian,duck,anseriformes
anas_americana,American_wigeon,avian,duck,anseriformes
anasplatyrhynchos,mallard,avian,duck,anseriformes
anasplatyrhynchosdomesticus,domestic_duck,avian,duck,anseriformes
anasplatyrhynchosdomestica,domestic_duck,avian,duck,anseriformes
aythyafuligula,tufted_duck,avian,duck,anseriformes
baikalteal,baikal_teal,avian,duck,anseriformes
black_duck,American_black_duck,avian,duck,anseriformes
blackduck,American_black_duck,avian,duck,anseriformes
blacknestedgrebe,black-necked_grebe,avian,duck,anseriformes
breederduck,breeder_duck,avian,duck,anseriformes
broilerduck,broiler_duck,avian,duck,anseriformes
cascadeduck,cascade_duck,avian,duck,anseriformes
common_goldeneye,common_goldeneye,avian,duck,anseriformes
commongoldeneye,common_goldeneye,avian,duck,anseriformes
common_pochard,common_pochard,avian,duck,anseriformes
commonpochard,common_pochard,avian,duck,anseriformes
commonteal,Eurasian_teal,avian,duck,anseriformes
dack,duck,avian,duck,anseriformes
domestic_duck,duck,avian,duck,anseriformes
domesticduck,duck,avian,duck,anseriformes
domestic_green_winged_teal,green-winged_teal,avian,duck,anseriformes
domesticgreen-wingedteal,green-winged_teal,avian,duck,anseriformes
domesticgreen_wingedteal,green-winged_teal,avian,duck,anseriformes
domesticmallardduck,mallard,avian,duck,anseriformes
domesticmallard,mallard,avian,duck,anseriformes
duck,duck,avian,duck,anseriformes
duckbroiler,duck,avian,duck,anseriformes
duck_broiler,duck,avian,duck,anseriformes
gadwall_duck,gadwall,avian,duck,anseriformes
gadwallduck,gadwall,avian,duck,anseriformes
goldeneyeduck,Goldeneye,avian,duck,anseriformes
goosander,goosander,avian,duck,anseriformes
greaterscaup,greater_scaup,avian,duck,anseriformes
europeanteal,Eurasian_teal,avian,duck,anseriformes
eurasianteal,Eurasian_teal,avian,duck,anseriformes
falcatedduck,falcated_duck,avian,duck,anseriformes
indianrunnerduck,indian_runner_duck,avian,duck,anseriformes
mallard,mallard,avian,duck,anseriformes
mallard_duck,mallard,avian,duck,anseriformes
mallardduck,mallard,avian,duck,anseriformes
mandarinduck,Mandarin_duck,avian,duck,anseriformes
mandarin_duck,Mandarin_duck,avian,duck,anseriformes
mergusalbellus,smew,avian,duck,anseriformes
migratoryduck,duck,avian,duck,anseriformes
cairina_moschata,Muscovy_duck,avian,duck,anseriformes
muscovy,Muscovy_duck,avian,duck,anseriformes
muscovyduck,Muscovy_duck,avian,duck,anseriformes
muscovy_duck,Muscovy_duck,avian,duck,anseriformes
northernpintail,Northern_pintail,avian,duck,anseriformes
pekingduck,Peking_duck,avian,duck,anseriformes
pekinduck,American_Pekin_duck,avian,duck,anseriformes
pintail,Northern_pintail,avian,duck,anseriformes
pochard,common_pochard,avian,duck,anseriformes
rbpochard,red-chested_pochard,avian,duck,anseriformes
ringneckedduck,ring-necked_duck,avian,duck,anseriformes
rubbyshelduck,Ruddy_shelduck,avian,duck,anseriformes
ruddy_shelduck,Ruddy_shelduck,avian,duck,anseriformes
ruddyshelduck,Ruddy_shelduck,avian,duck,anseriformes
teal,teal_duck,avian,duck,anseriformes
tufted_duck,Tufted_duck,avian,duck,anseriformes
tuftedduck,Tufted_duck,avian,duck,anseriformes
wild_duck,duck,avian,duck,anseriformes
wildduck,duck,avian,duck,anseriformes
wood_duck,Wood_duck,avian,duck,anseriformes
woodduck,Wood_duck,avian,duck,anseriformes
yellow_billed_duck,yellow-billed_duck,avian,duck,anseriformes
yellowbilledduck,yellow-billed_duck,avian,duck,anseriformes
greyduck,pacific_black_duck,avian,duck,anseriformes
common_shelduck,common_shelduck,avian,duck,anseriformes
anser_fabalis,bean_goose,avian,goose,anseriformes
bar-headed_goose_(anser_indicus),bar-headed_goose,avian,goose,anseriformes
africangoose,african_goose,avian,goose,anseriformes
americanbuffgoose,american_buff_goose,avian,goose,anseriformes
ansercygnoides,swan_goose,avian,goose,anseriformes
anseralbifrons,greater_white-fronted_goose,avian,goose,anseriformes
anseranser,greylag_goose,avian,goose,anseriformes
anseranserdomesticus,domestic_goose,avian,goose,anseriformes
anserbrachyrhynchus,pink-footed_goose,avian,goose,anseriformes
goose,goose,avian,goose,anseriformes
geese,goose,avian,goose,anseriformes
bar_headed_goose,bar-headed_goose,avian,goose,anseriformes
bar_headedgoose,bar-headed_goose,avian,goose,anseriformes
bar-headedgoose,bar-headed_goose,avian,goose,anseriformes
barheadedgoose,bar-headed_goose,avian,goose,anseriformes
barnaclegoose,barnacle_goose,avian,goose,anseriformes
bean_goose,bean_goose,avian,goose,anseriformes
beangoose,bean_goose,avian,goose,anseriformes
black-headedgoose,black-headed_goose,avian,goose,anseriformes
brentgoose,brent_goose,avian,goose,anseriformes
brantaleucopsis,barnacle_goose,avian,goose,anseriformes
brantacanadensis,canada_goose,avian,goose,anseriformes
cacklinggoose,cackling_goose,avian,goose,anseriformes
canada_goose,canada_goose,avian,goose,anseriformes
canadagoose,canada_goose,avian,goose,anseriformes
cygnus_cygnus,whooper_swan,avian,goose,anseriformes
cygnuscygnus,whooper_swan,avian,goose,anseriformes
cignusolor,mute_swan,avian,goose,anseriformes
cygnus_olor,mute_swan,avian,goose,anseriformes
cygnusolor,mute_swan,avian,goose,anseriformes
domesticgoose,goose,avian,goose,anseriformes
embdengoose,embden_goose,avian,goose,anseriformes
greaterwhitefrontedgoose,greater_white-fronted_goose,avian,goose,anseriformes
greygoose,grey_goose,avian,goose,anseriformes
greylaggoose,greylag_goose,avian,goose,anseriformes
graylaggoose,greylag_goose,avian,goose,anseriformes
mute_swan,mute_swan,avian,goose,anseriformes
muteswan,mute_swan,avian,goose,anseriformes
sebastopolgoose,sebastopol_goose,avian,goose,anseriformes
snowgoose,snow_goose,avian,goose,anseriformes
tundraswan,tundra_swan,avian,goose,anseriformes
whitefrontgoose,greater_white-fronted_goose,avian,goose,anseriformes
whitefrontedgoose,greater_white-fronted_goose,avian,goose,anseriformes
whistlingswan,tundra_swan,avian,goose,anseriformes
whooper_swan,whooper_swan,avian,goose,anseriformes
whooperswan,whooper_swan,avian,goose,anseriformes
whoopingswan,whooper_swan,avian,goose,anseriformes
wildgoose,goose,avian,goose,anseriformes
wildgeese,goose,avian,goose,anseriformes
wildswan,swan,avian,swan,anseriformes
bewick's_swan,bewicks_swan,avian,swan,anseriformes
maned_goose,wood_duck,avian,duck,anseriformes
calidris_alpina,dunlin,avian,wader,neoave
bronzeturkey,bronze_turkey,avian,turkey,galliformes
commonpheasant,common_pheasant,avian,pheasant,galliformes
domesticturkey,turkey,avian,turkey,galliformes
domesticturkey,turkey,avian,turkey,galliformes
fowl,fowl,avian,fowl,galliformes
goldenpheasant,golden_pheasant,avian,pheasant,galliformes
greenpeafowl,green_peafowl,avian,peafowl,galliformes
guinea_fowl,guinea_fowl,avian,guinea_fowl,galliformes
guineafowl,guinea_fowl,avian,guinea_fowl,galliformes
juvenileswan,swan,avian,swan,anseriformes
kalijpheasant,kalij_pheasant,avian,pheasant,galliformes
kaljipheasant,kalij_pheasant,avian,pheasant,galliformes
peafowl,peafowl,avian,peafowl,galliformes
pheasant,pheasant,avian,pheasant,galliformes
phasianuscolchicus,common_pheasant,avian,pheasant,galliformes
quail,quail,avian,quail,galliformes
qu,quail,avian,quail,galliformes
swan,swan,avian,swan,anseriformes
silverpheasant,silver_pheasant,avian,pheasant,galliformes
turkey,turkey,avian,turkey,galliformes
wild_waterfowl,waterfowl,avian,waterfowl,anseriformes
whitepeafowl,white_peafowl,avian,peafowl,galliformes
wildfowl,fowl,avian,fowl,galliformes
white-fronted_goose,white-fronted_goose,avian,goose,anseriformes
exotic_brid,exotic_bird,avian,avian,avian
gh,avian,avian,avian,avian
dk,avian,avian,avian,avian
gf,avian,avian,avian,avian
bird,avian,avian,avian,avian
avian,avian,avian,avian,avian
ck,avian,avian,avian,avian
gf,avian,avian,avian,avian
gs,avian,avian,avian,avian
ph,avian,avian,avian,avian
eg,avian,avian,avian,avian
sck,avian,avian,avian,avian
qa,avian,avian,avian,avian
g.h,avian,avian,avian,avian
environment,environment,environment,environment,environmen
aquaticbird,aquatic_bird,avian,aquatic_bird,avian
anas_discors,blue-winged_teal,avian,duck,anseriformes
nightingale,nightingale,avian,passerine,neoave
americanbluewingedteal,american_blue-winged_teal,avian,duck,anseriformes
americancrow,american_crow,avian,passerine,neoave
american_green_winged_teal,American_green-winged_teal,avian,duck,anseriformes
americangreen-wingedteal,American_green-winged_teal,avian,duck,anseriformes
americanpelican,american_pelican,avian,pelican,neoave
american_wigeon,American_wigeon,avian,duck,anseriformes
americanwigeon,American_wigeon,avian,duck,anseriformes
arctictern,arctic_tern,avian,tern,neoave
ardeacinerea,Grey_heron,avian,heron,neoave
ardeacinera,Grey_heron,avian,heron,neoave
babbler,Old_World_babbler,avian,passerine,neoave
baldeagle,bald_eagle,avian,raptor,neoave
barn_swallow,barn_swallow,avian,passerine,neoave
barnswallow,barn_swallow,avian,passerine,neoave
beardedvulture,bearded_vulture,avian,raptor,neoave
black-crownednightheron,Black-crowned_night_heron,avian,heron,neoave
black_crowned_night_heron,Black-crowned_night_heron,avian,heron,neoave
black-headedgull,black-headed_gull,avian,gull,neoave
blackheadedgull,black-headed_gull,avian,gull,neoave
black-neckedgrebe,black-necked_grebe,avian,grebe,neoave
blackneckedgrebe,black-necked_grebe,avian,grebe,neoave
black_swan,black_swan,avian,swan,anseriformes
blackswan,black_swan,avian,swan,anseriformes
blackbird,common_blackbird,avian,passerine,neoave
blackbulbul,black_bulbul,avian,passerine,neoave
blackskimmer,black_skimmer,avian,skimmer,neoave
blackvulture,black_vulture,avian,raptor,neoave
bluemagpie,blue_magpie,avian,magpie,neoave
bluewingedteal,blue-winged_teal,avian,duck,anseriformes
brantgoose,brant_goose,avian,goose,anseriformes
brownheadedgull,brown-headed_gull,avian,gull,neoave
brown-headedgull,brown-headed_gull,avian,gull,neoave
brown-headgull,brown-headed_gull,avian,gull,neoave
brown_headed_gull,brown-headed_gull,avian,gull,neoave
brown_headedgull,brown-headed_gull,avian,gull,neoave
buteobuteo,common_buzzard,avian,raptor,neoave
buzzard,buzzard,avian,raptor,neoave
cattleegret,cattle_egret,avian,heron,neoave
caspiangull,caspian_gull,avian,gull,neoave
columbapalumbus,common_wood_pigeon,avian,pigeon,neoave
ccrow,crow,avian,crow,neoave
crow,crow,avian,crow,neoave
chestnutmunia,chestnut_munia,avian,finch,neoave
chiloewigeon,chiloe_wigeon,avian,duck,anseriformes
chinesepondheron,Chinese_pond_heron,avian,heron,neoave
chroicocephalusridibundus,black-headed_gull,avian,gull,neoave
chukar,chukar,avian,partridge,galliformes
chukkar,chukar,avian,partridge,galliformes
ciconiaciconia,white_stork,avian,stork,neoave
commonbussard,common_buzzard,avian,passerine,neoave
commonbuzzard,common_buzzard,avian,passerine,neoave
commoncoot,common_coot,avian,coot,neoave
commoncrane,common_crane,avian,crane,neoave
commoneider,common_eider,avian,duck,anseriformes
commongull,common_gull,avian,gull,neoave
commonkestrel,common_kestrel,avian,raptor,neoave
commonketrel,common_kestrel,avian,raptor,neoave
commonkestral,common_kestrel,avian,raptor,neoave
commonmagpie,common_green_magpie,avian,passerine,neoave
commonmyna,common_myna,avian,passerine,neoave
commonpochard,common_pochard,avian,duck,anseriformes
commonraven,common_raven,avian,passerine,neoave
commontern,common_tern,avian,tern,neoave
condor,condor,avian,raptor,neoave
coopershawk,Coopers_hawk,avian,raptor,neoave
coot,coot,avian,coot,neoave
cormorant,cormorant,avian,cormorant,neoave
crane,crane,avian,crane,neoave
crested_eagle,crested_eagle,avian,raptor,neoave
crestedeagle,crested_eagle,avian,raptor,neoave
crestedgoshawk,crested_goshawk,avian,raptor,neoave
crestedmyna,crested_myna,avian,passerine,neoave
curlew,curlew,avian,wader,neoave
dalmatianpelican,dalmatian_pelican,avian,pelican,neoave
daurianstarling,daurian_starling,avian,passerine,neoave
doublecrestedcormorant,double-crested_cormorant,avian,cormorant,neoave
dove,dove,avian,dove,neoave
eagle,eagle,avian,raptor,neoave
eagleowl,Eurasian_eagle-owl,avian,owl,neoave
earedgrebe,black-necked_grebe,avian,grebe,neoave
easternbuzzard,eastern_buzzard,avian,raptor,neoave
egret,egret,avian,heron,neoave
egrettagarzetta,little_egret,avian,heron,neoave
emu,emu,avian,emu,other
Eurasian_coot,Eurasian_coot,avian,coot,neoave
eurasiancurlew,Eurasian_curlew,avian,wader,neoave
eurasian_eagle_owl,Eurasian_eagle-owl,avian,owl,neoave
eurasianeagleowl,Eurasian_eagle-owl,avian,owl,neoave
eurasianeagelowl,Eurasian_eagle-owl,avian,owl,neoave
eurasiansparrowhawk,Eurasian_sparrowhawk,avian,raptor,neoave
eurasianspoonbill,Eurasian_spoonbill,avian,spoonbill,neoave
europeanherringgull,European_herring_gull,avian,gull,neoave
eurasianwigeon,Eurasian_wigeon,avian,duck,anseriformes
falcon,falcon,avian,raptor,neoave
falcoperegrinus,peregrine_falcon,avian,raptor,neoave
feralpigeon,pigeon,avian,pigeon,neoave
finch,finch,avian,passerine,neoave
goldenmountainthrush,golden_mountain_thrush,avian,passerine,neoave
goldeneagle,golden_eagle,avian,raptor,neoave
graygull,gray_gull,avian,gull,neoave
greenwingedteal,green-winged_teal,avian,duck,anseriformes
gadwall,gadwall,avian,duck,anseriformes
garganey,garganey,avian,duck,anseriformes
goshawk,Northern_goshawk,avian,raptor,neoave
gray-crowedcrane,grey_crowned_crane,avian,crane,neoave
grayheron,grey_heron,avian,heron,neoave
greatblackbackedgull,great_black-backed_gull,avian,gull,neoave
greatblackheadedgull,great_black-backed_gull,avian,gull,neoave
great_black_headed_gull,black-headed_gull,avian,gull,neoave
greatblack-headedgull,black-headed_gull,avian,gull,neoave
greatblack_headedgull,black-headed_gull,avian,gull,neoave
great_cormorant,great_cormorant,avian,cormorant,neoave
greatcormorant,great_cormorant,avian,cormorant,neoave
great_created_grebe,great_crested_grebe,avian,grebe,neoave
great_crested_grebe,great_crested_grebe,avian,grebe,neoave
greatcrested-grebe,great_crested_grebe,avian,grebe,neoave
greatcrestedgrebe,great_crested_grebe,avian,grebe,neoave
greatdrestedgrebe,great_crested_grebe,avian,grebe,neoave
great_egret,great_egret,avian,heron,neoave
greategret,great_egret,avian,heron,neoave
greatbarbet,great_barbet,avian,barbet,neoave
greathornedowl,great_horned_owl,avian,owl,neoave
greattit,great_tit,avian,passerine,neoave
greatwhitepelican,great_white_pelican,avian,pelican,neoave
grebe,grebe,avian,grebe,neoave
greenheron,green_heron,avian,heron,neoave
grey_heron,grey_heron,avian,heron,neoave
greyheron,grey_heron,avian,heron,neoave
gull,gull,avian,gull,neoave
gypaetusbarbatus,bearded_vulture,avian,raptor,neoave
hawaiiangoose,hawaiian_goose,avian,goose,anseriformes
hawk,hawk,avian,raptor,neoave
heron,heron,avian,heron,neoave
herringgull,herring_gull,avian,gull,neoave
hill_myna,common_hill_myna,avian,passerine,neoave
hillmyna,common_hill_myna,avian,passerine,neoave
hoabara,houbara_bustard,avian,bustard,neoave
hooded_crane,hooded_crane,avian,crane,neoave
hoodedcrane,hooded_crane,avian,crane,neoave
hoodedvulture,hooded_vulture,avian,raptor,neoave
houbarabustard,houbara_bustard,avian,bustard,neoave
housecrow,house_crow,avian,crow,neoave
housesparrow,house_sparrow,avian,passerine,neoave
japanese_white_eye,Japanese_white-eye,avian,passerine,neoave
japanesewhite-eye,Japanese_white-eye,avian,passerine,neoave
japanesewhiteeye,Japanese_white-eye,avian,passerine,neoave
junglecrow,jungle_crow,avian,passerine,neoave
kestrel,kestrel,avian,raptor,neoave
knotwader,red_knot,avian,wader,neoave
larusridibundus,black-headed_gull,avian,gull,neoave
larusargentatus,European_herring_gull,avian,gull,neoave
large-billedcrow,large-billed_crow,avian,passerine,neoave
largebilledcrow,large-billed_crow,avian,passerine,neoave
large_billedcrow,large-billed_crow,avian,passerine,neoave
laruscanus,common_gull,avian,gull,neoave
lesserblackbackedgull,lesser_black-backed_gull,avian,gull,neoave
lesserkestrel,lesser_kestrel,avian,raptor,neoave
littlecuckoo-dove,little_cuckoo-dove,avian,dove,neoave
little_egret,little_egret,avian,heron,neoave
little_grebe,little_grebe,avian,grebe,neoave
littleegret,little_egret,avian,heron,neoave
littlegrebe,little_grebe,avian,grebe,neoave
littleowl,little_owl,avian,owl,neoave
long-tailedshrike,long-tailed_shrike,avian,passerine,neoave
magpie,magpie,avian,passerine,neoave
magpie_robin,Oriental_magpie-robin,avian,passerine,neoave
magpierobin,magpie-robin,avian,passerine,neoave
marabou_stork,marabou_stork,avian,stork,neoave
maraboustork,marabou_stork,avian,stork,neoave
meleagrisgallopavo,wild_turkey,avian,turkey,galliformes
migratorybird,migratory_bird,avian,avian,avian
mixedwildbirds,mixed_wild_birds,avian,avian,avian
morusbassanus,northern_gannet,avian,gannet,neoave
moorhen,moorhen,avian,moorhen,neoave
mountain_hawk_eagle,mountain_hawk-eagle,avian,raptor,neoave
mountainhawk-eagle,mountain_hawk-eagle,avian,raptor,neoave
munia,munia,avian,passerine,neoave
mynah,myna,avian,passerine,neoave
mynas,myna,avian,passerine,neoave
neotropiccormorant,neotropic_cormorant,avian,cormorant,neoave
korean_native_chicken,korean_native_chicken,avian,chicken,galliformes
northerngoshawk,northern_goshawk,avian,raptor,neoave
northerngannet,northern_pintail,avian,gannet,neoave
notherngannet,northern_gannet,avian,gannet,neoave
anas_clypeata,northern_shoveler,avian,duck,anseriformes
northernshoveler,northern_shoveler,avian,duck,anseriformes
open-billedstork,open-billed_stork,avian,stork,neoave
open-billstork,open-billed_stork,avian,stork,neoave
open_bill_stork,open-billed_stork,avian,stork,neoave
open_billed_stork,open-billed_stork,avian,stork,neoave
openbill,open-billed_stork,avian,stork,neoave
openbill_stork,open-billed_stork,avian,stork,neoave
openbillstork,open-billed_stork,avian,stork,neoave
open_billstork,open-billed_stork,avian,stork,neoave
open_billedstork,open-billed_stork,avian,stork,neoave
open-billibis,open-billed_ibis,avian,ibis,neoave
orientalmagpierobin,Oriental_magpie-robin,avian,passerine,neoave
ostrich,ostrich,avian,ostrich,other
otusscops,Eurasian_scops_owl,avian,owl,neoave
oystercatcher,oystercatcher,avian,wader,neoave
owl,owl,avian,owl,neoave
psittacine,parrot,avian,parrot,neoave
partridge,partridge,avian,partridge,galliformes
peacefuldove,peaceful_dove,avian,dove,neoave
peacock,peacock,avian,peafowl,galliformes
pelican,pelican,avian,pelican,neoave
pelecanuscrispus,Dalmatian_pelican,avian,pelican,neoave
pelecanusconspicillatus,Australian_pelican,avian,pelican,neoave
peregrine,peregrine_falcon,avian,raptor,neoave
peregrine_falcon,peregrine_falcon,avian,raptor,neoave
peregrinefalcon,peregrine_falcon,avian,raptor,neoave
Peruvian_pelican,Peruvian_pelican,avian,pelican,neoave
peruvian_pelican,Peruvian_pelican,avian,pelican,neoave
phalacrocorax,phalacrocorax,avian,cormorant,neoave
phalacrocoraxcarbo,great_cormorant,avian,cormorant,neoave
pied_megpie,Australian_magpie,avian,passerine,neoave
piedmegpie,Australian_magpie,avian,passerine,neoave
pigeon,pigeon,avian,pigeon,neoave
red-billedstarling,read-breasted_starling,avian,passerine,neoave
redcrownedcrane,red-crowned_crane,avian,crane,neoave
redknot,red_knot,avian,wader,neoave
redtailedhawk,red-tailed_hawk,avian,raptor,neoave
redshoulderedhawk,red-shouldered_hawk,avian,raptor,neoave
redbackedhawk,red-backed_hawk,avian,raptor,neoave
rhea,rhea,avian,rhea,other
robin,robin,avian,passerine,neoave
rollers,roller,avian,roller,neoave
rook,rook,avian,passerine,neoave
arenaria_interpres,ruddy_turnstone,avian,wader,neoave
ruddyturnstone,ruddy_turnstone,avian,wader,neoave
saker_falcon,saker_falcon,avian,raptor,neoave
sakerfalcon,saker_falcon,avian,raptor,neoave
sanderling,sanderling,avian,wader,neoave
sandpiper,sandpiper,avian,wader,neoave
sandwichtern,sandwich_tern,avian,tern,neoave
scaly-breastedmunia,scaly-breasted_munia,avian,passerine,neoave
seaeagle,sea_eagle,avian,raptor,neoave
seagull,gull,avian,gull,neoave
shorebird,shorebird,avian,wader,neoave
shrike,shrike,avian,passerine,neoave
silver-earedmesia,silver-eared_mesia,avian,passerine,neoave
silverearedmesia,silver-eared_mesia,avian,passerine,neoave
slatybackedgull,slaty-backed_gull,avian,gull,neoave
slaty-backedgull,slaty-backed_gull,avian,gull,neoave
smew,smew,avian,duck,anseriformes
snowyowl,snowy_owl,avian,owl,neoave
songthrush,song_thrush,avian,passerine,neoave
sparrow,sparrow,avian,passerine,neoave
spotbilledduck,spot-billed_duck,avian,duck,anseriformes
spur-wingedlapwing,spur-winged_lapwing,avian,lapwing,neoave
spurwingedgoose,spur-winged_goose,avian,goose,anseriformes
starling,starling,avian,starling,neoave
stonecurlew,stone_curlew,avian,wader,neoave
stork,stork,avian,stork,neoave
swallow,swallow,avian,swallow,neoave
swiftlet,swiftlet,avian,swift,neoave
tachybaptusruficollis,little_grebe,avian,grebe,neoave
thalasseussandvicensis,sandwich_tern,avian,tern,neoave
tree_sparrow,tree_sparrow,avian,passerine,neoave
treesparrow,tree_sparrow,avian,passerine,neoave
turtle_dove,turtle_dove,avian,dove,neoave
turtledove,turtle_dove,avian,dove,neoave
vulture,vulture,avian,raptor,neoave
watercock,watercock,avian,watercock,neoave
whitebackedmunia,white-backed_munia,avian,passerine,neoave
white-backedmunia,white-backed_munia,avian,passerine,neoave
whiteeyedpochard,white-eyed_pochard,avian,duck,anseriformes
whitestork,white_stork,avian,stork,neoave
whitetailedeagle,white-tailed_eagle,avian,raptor,neoave
withetiledeagle,white-tailed_eagle,avian,raptor,neoave
wild_bird,bird,avian,avian,avian
wildbird,bird,avian,avian,avian
wildturkey,wild_turkey,avian,turkey,galliformes
yellowleggedgull,yellow-legged_gull,avian,gull,neoave
shoveler,northern_shoveler,avian,duck,anseriformes
semipalmated_sandpiper,semi-palmated_sandpiper,avian,wader,neoave
equi_2,equine,equine,equine,equine
eq,equine,equine,equine,equine
finistere,swine,swine,swine,swine
equus_caballus,equine,equine,equine,equine
anas_strepera,American_black_duck,avian,duck,anseriformes
sus_scrofa_domesticus,swine,swine,swine,swine
horse,equine,equine,equine,equine
yellow-billed_pintail,yellow-billed_pintail,avian,duck,anseriformes
red-gartered_coot,red-gartered_coot,avian,coot,neoave
anas_cyanoptera,cinnamon_teal,avian,duck,anseriformes
mule_duck,mule_duck,avian,duck,anseriformes
wide_bird,avian,avian,avian,avian
sus_scrofa_scrofa,swine,swine,swine,swine
cat,feline,feline,feline,feline
sus_scrofa,swine,swine,swine,swine
wild_chicken,chicken,avian,chicken,galliformes
white_peckin_duck,peckin_duck,avian,duck,anseriformes
korean_native_chicken,korean_native_chicken,avian,chicken,galliformes
canis_lupus_familiaris,canine,canine,canine,canine
pink-eared_duck,pink-eared_duck,avian,duck,anseriformes
grey_teal,grey-teal_duck,avian,duck,anseriformes
emperor_goose,emperor_goose,avian,goose,anseriformes
anas_plathyrhynchos,mallard,avian,duck,anseriformes
clangula_hyemalis,long-tailed_duck,avian,duck,anseriformes
harbor_seal,harbor_seal,seal,seal,seal
american_oystercatcher,american_oystercatcher,avian,wader,neoave
other_avian,avian,avian,avian,avian
red-crested_pochard,red-crested_pochard,avian,duck,anseriformes
red-necked_stint,red-necked_stint,avian,wader,neoave
larus_hyperboreus,glaucous-winged_gull,avian,gull,neoave
velvet_scoter,velvet_scoter,avian,duck,anseriformes
spectacled_eider,spectacled_eider,avian,duck,anseriformes
sooty_tern,sooty_tern,avian,tern,neoave
chestnut_teal,chestnut_teal,avian,duck,anseriformes
larus_atricilla,laughing_gull,avian,gull,neoave
anas_rubripes,American_black_duck,avian,duck,anseriformes
anseriformes,waterfowl,avian,waterfowl,anseriformes
pig,swine,swine,swine,swine
aythya_collaris,ring-necked_duck,avian,duck,anseriformes
wild_birds,wild_birds,avian,avian,avian
sw,swine,swine,swine,swine
equine,equine,equine,equine,equine
anas_platyrhynchos_x_anas_acuta,mallard-pintail_hybrid,avian,duck,anseriformes
green-winged_teal(anas_crecca),green-winged_teal,avian,duck,anseriformes
branta_leucopsis,barnacle_goose,avian,goose,anseriformes
equus_ferus_caballus,equine,equine,equine,equine
anser_cygnoides,swan_goose,avian,goose,anseriformes
oxyura_jamaicensis,ruddy_duck,avian,duck,anseriformes
anser_caerulescens,snow_goose,avian,goose,anseriformes
bucefala_clangula,common_goldeneye,avian,duck,anseriformes
corvus_frugilegus,rook,avian,passerine,neoave
cygnus_columbianus,tundra_swan,avian,swan,anseriformes
lesser_scaup,lesser_scaup,avian,duck,anseriformes
aix_sponsa,wood_duck,avian,duck,anseriformes
anas_sp.,duck,avian,duck,anseriformes
felis_catus,feline,feline,feline,feline
wild_boar,swine,swine,swine,swine
bufflehead,bufflehead,avian,duck,anseriformes
calidris_pusilla,semi-palmated_sandpiper,avian,wader,neoave
calidris_alba,sanderling,avian,passerine,neoave
calidris_canutus,red_knot,avian,wader,neoave
anser_albifrons,Greater_white-fronted_goose,avian,goose,anseriformes
swine,swine,swine,swine,swine
seal,seal,seal,seal,seal
canine,canine,canine,canine,canine
feline,feline,feline,feline,feline
mink,mink,mink,mink,mink
pet_bird,pet_bird,avian,avian,avian
redhead,redhead,avian,duck,avian
donkey,donkey,equine,donkey,equine
camel,camel,camel,camel,camel
black_scoter,black_scoter,avian,duck,anseriformes
animal,animal,animal,animal,animal
common_teal,eurasian_teal,avian,duck,avian
northen_pintail,northern_pintail,avian,duck,anseriformes
ferret,ferret,ferret,ferret,ferret
red-necked_grebe,red-necked_grebe,avian,grebe,neoave
mallard-black_duck_hybrid,mallard-black_duck_hybrid,avian,duck,anseriformes
pintail_duck,northern_pintail,avian,duck,anseriformes
american_coot,american_coot,avian,coot,neoave
widgeon,American_wigeon,avian,duck,anseriformes
longtail_duck,longtail-duck,avian,duck,anseriformes
tadorna_feruginea,Ruddy_shelduck,avian,duck,anseriformes
netta_rufina,red-crested_pochard,avian,duck,anseriformes
anas_georgica,yellow-billed_pintail,avian,duck,anseriformes
american_widgeon,American_wigeon,avian,duck,anseriformes
chen_canagica,emperor_goose,avian,goose,anseriformes
larus_glaucescens,glaucous-winged_gull,avian,gull,neoave
blue_winged-teal,blue-winged_teal,avian,duck,anseriformes
larus_argentatus,European_herring_gull,avian,gull,neoave
melanitta_nigra,common_scoter,avian,duck,anseriformes
coturnix,quail,avian,quail,galliformes
leucophaeus_atricilla,laughing_gull,avian,gull,neoave
somateria_fischeri,spectacled_eider,avian,eider,neoave
wedge-tailed_shearwater,shearwater,avian,shearwater,neoave
domestic_green-winged_teal,domestic_green-winged_teal,avian,duck,anseriformes
bewick_swan,bewicks_swan,avian,swan,anseriformes
red-fronted_coot,red-fronted_coot,avian,coot,neoave
turnstone,ruddy_turnstone,avian,wader,neoave
tadorna_tadorna,common_shelduck,avian,duck,anseriformes
bucephala_albeola,bufflehead,avian,duck,anseriformes
red_crested_pochard,red-crested_pochard,avian,duck,anseriformes
chroicocephalus_ridibundus,laughing_gull,avian,gull,neoave
hooded_merganser,hooded_merganser,avian,duck,anseriformes
pacific_golden_plover,pacific_golden_plover,avian,wader,neoave
paradise_shelduck,paradise_shelduck,avian,duck,anseriformes
dog,canine,canine,canine,neoave
spatula_discors,blue-winged_teal,avian,duck,anseriformes
anatidae,duck,avian,duck,anseriformes
Mareca_penelope,Eurasian_wigeon,avian,duck,anseriformes
Aythya_affinis,lesser_scaup,avian,duck,anseriformes
Spatula_cyanoptera,cinnamon_teal,avian,duck,anseriformes
Meleagris_gallopavo,wild_turkey,avian,turkey,galliformes
Pygoscelis_papua,penguin,avian,penguin,neoave
Sterna_paradisaea,arctic_tern,avian,tern,neoave
Rufous_Turtle_Dove,dove,avian,dove,neoave
blue_winged_teal,blue-winged_teal,avian,duck,anseriformes
Neovison_vison,mink,mink,mink,mink
Phoca_vitulina,seal,seal,seal,seal
american_mink,mink,mink,mink,mink
American_black_duck,American_black_duck,avian,duck,anseriformes
neogale_vison,mink,mink,mink,mink
aves,avian,avian,avian,avian
Baikal_teal,baikal_teal,avian,duck,anseriformes
Eurasian_curlew,eurasian_curlew,avian,wader,neoave
Blue-winged_teal,blue-winged_teal,avian,duck,anseriformes
Ruddy_turnstone,ruddy_turnstone,avian,duck,anseriformes
Northern_pintail,northern_pintail,avian,duck,anseriformes
Cinnamon_Teal,cinnamon_teal,avian,duck,anseriformes
gull,gull,avian,gull,neoave
Northern_shoveler,northern_shoveler,avian,duck,anseriformes
greylag_goose,greylag_goose,avian,goose,anseriformes
green-winged_teal,green-winged_teal,avian,duck,anseriformes
teal,teal,avian,duck,anseriformes
Columbidae,pigeon,avian,pigeon,neoave